"Epic","Feature","Story","FAILED","BROKEN","PASSED","SKIPPED","UNKNOWN"
"","","525 - Location button","0","1","16","0","0"
"","Smoke","517 - Main Navigation","0","0","1","0","0"
"","","531 - Careers Search","1","0","5","4","0"
"","Smoke","531 - Careers Search","0","0","0","1","0"
"","Smoke","524 - Contact Us","0","0","1","0","0"
"","Smoke","591 - Contact Us Information","0","0","1","0","0"
"","","517 - Main Navigation","0","0","3","0","0"
"","Smoke","525 - Location button","0","0","1","0","0"
"","","","0","1","0","0","0"
"","","591 - Contact Us Information","0","0","1","0","0"
